Country,Date,Confirmed,New Cases,Deaths,New Deaths,Total Cases per Million,New Cases per Million,Total Deaths per Million,New Deaths per Million,R value,icu_patients,icu_patients_per_million,total_tests,new_tests,total_tests_per_thousand,new_tests_per_thousand,new_tests_smoothed,tests_per_case,population,population_density
Italy,31/01/2020,2,2,,,0.033,0.033,,,,,,,,,,,,60461828,205.859
Italy,01/02/2020,2,0,,,0.033,0,,,,,,,,,,,,60461828,205.859
Italy,02/02/2020,2,0,,,0.033,0,,,,,,,,,,,,60461828,205.859
Italy,03/02/2020,2,0,,,0.033,0,,,,,,,,,,,,60461828,205.859
Italy,04/02/2020,2,0,,,0.033,0,,,,,,,,,,,,60461828,205.859
Italy,05/02/2020,2,0,,,0.033,0,,,,,,,,,,,,60461828,205.859
Italy,06/02/2020,2,0,,,0.033,0,,,,,,,,,,,,60461828,205.859
Italy,07/02/2020,3,1,,,0.05,0.017,,,,,,,,,,,,60461828,205.859
Italy,08/02/2020,3,0,,,0.05,0,,,,,,,,,,,,60461828,205.859
Italy,09/02/2020,3,0,,,0.05,0,,,,,,,,,,,,60461828,205.859
Italy,10/02/2020,3,0,,,0.05,0,,,,,,,,,,,,60461828,205.859
Italy,11/02/2020,3,0,,,0.05,0,,,,,,,,,,,,60461828,205.859
Italy,12/02/2020,3,0,,,0.05,0,,,,,,,,,,,,60461828,205.859
Italy,13/02/2020,3,0,,,0.05,0,,,,,,,,,,,,60461828,205.859
Italy,14/02/2020,3,0,,,0.05,0,,,,,,,,,,,,60461828,205.859
Italy,15/02/2020,3,0,,,0.05,0,,,,,,,,,,,,60461828,205.859
Italy,16/02/2020,3,0,,,0.05,0,,,,,,,,,,,,60461828,205.859
Italy,17/02/2020,3,0,,,0.05,0,,,,,,,,,,,,60461828,205.859
Italy,18/02/2020,3,0,,,0.05,0,,,,,,,,,,,,60461828,205.859
Italy,19/02/2020,3,0,,,0.05,0,,,,,,,,,,,,60461828,205.859
Italy,20/02/2020,3,0,,,0.05,0,,,,,,,,,,,,60461828,205.859
Italy,21/02/2020,20,17,1,1,0.331,0.281,0.017,0.017,,,,,,,,,,60461828,205.859
Italy,22/02/2020,62,42,2,1,1.025,0.695,0.033,0.017,,,,,,,,,,60461828,205.859
Italy,23/02/2020,155,93,3,1,2.564,1.538,0.05,0.017,,,,,,,,,,60461828,205.859
Italy,24/02/2020,229,74,7,4,3.788,1.224,0.116,0.066,3.26,26,0.43,4324,,0.072,,,,60461828,205.859
Italy,25/02/2020,322,93,10,3,5.326,1.538,0.165,0.05,3.25,35,0.579,8623,4299,0.143,0.071,,,60461828,205.859
Italy,26/02/2020,453,131,12,2,7.492,2.167,0.198,0.033,3.26,36,0.595,9587,964,0.159,0.016,,,60461828,205.859
Italy,27/02/2020,655,202,17,5,10.833,3.341,0.281,0.083,3.25,56,0.926,12014,2427,0.199,0.04,,,60461828,205.859
Italy,28/02/2020,888,233,21,4,14.687,3.854,0.347,0.066,3.16,64,1.059,15695,3681,0.26,0.061,,,60461828,205.859
Italy,29/02/2020,1128,240,29,8,18.656,3.969,0.48,0.132,3.08,105,1.737,18661,2966,0.309,0.049,,,60461828,205.859
Italy,01/03/2020,1694,566,34,5,28.018,9.361,0.562,0.083,3.06,140,2.316,21127,2466,0.349,0.041,,,60461828,205.859
Italy,02/03/2020,2036,342,52,18,33.674,5.656,0.86,0.298,2.83,166,2.746,23345,2218,0.386,0.037,2717,10.5,60461828,205.859
Italy,03/03/2020,2502,466,79,27,41.381,7.707,1.307,0.447,2.71,229,3.788,25856,2511,0.428,0.042,2462,7.9,60461828,205.859
Italy,04/03/2020,3089,587,107,28,51.09,9.709,1.77,0.463,2.64,295,4.879,29837,3981,0.493,0.066,2893,7.7,60461828,205.859
Italy,05/03/2020,3858,769,148,41,63.809,12.719,2.448,0.678,2.6,351,5.805,32362,2525,0.535,0.042,2907,6.4,60461828,205.859
Italy,06/03/2020,4636,778,197,49,76.676,12.868,3.258,0.81,2.55,462,7.641,36359,3997,0.601,0.066,2952,5.5,60461828,205.859
Italy,07/03/2020,5883,1247,233,36,97.301,20.625,3.854,0.595,2.54,567,9.378,42062,5703,0.696,0.094,3343,4.9,60461828,205.859
Italy,08/03/2020,7375,1492,366,133,121.978,24.677,6.053,2.2,2.49,650,10.751,49937,7875,0.826,0.13,4116,5.1,60461828,205.859
Italy,09/03/2020,9172,1797,463,97,151.699,29.721,7.658,1.604,2.39,733,12.123,53826,3889,0.89,0.064,4354,4.3,60461828,205.859
Italy,10/03/2020,10149,977,631,168,167.858,16.159,10.436,2.779,2.27,877,14.505,60761,6935,1.005,0.115,4986,4.6,60461828,205.859
Italy,11/03/2020,12462,2313,827,196,206.114,38.256,13.678,3.242,2.27,1028,17.002,73154,12393,1.21,0.205,6188,4.6,60461828,205.859
Italy,12/03/2020,15113,2651,1016,189,249.959,43.846,16.804,3.126,2.23,1153,19.07,86011,12857,1.423,0.213,7664,4.8,60461828,205.859
Italy,13/03/2020,17660,2547,1266,250,292.085,42.126,20.939,4.135,2.15,1328,21.964,97488,11477,1.612,0.19,8733,4.7,60461828,205.859
Italy,14/03/2020,21157,3497,1441,175,349.923,57.838,23.833,2.894,2.09,1518,25.107,109170,11682,1.806,0.193,9587,4.4,60461828,205.859
Italy,15/03/2020,24747,3590,1809,368,409.3,59.376,29.92,6.086,2,1672,27.654,124899,15729,2.066,0.26,10709,4.3,60461828,205.859
Italy,16/03/2020,27980,3233,2158,349,462.771,53.472,35.692,5.772,1.9,1851,30.614,137962,13063,2.282,0.216,12019,4.5,60461828,205.859
Italy,17/03/2020,31506,3526,2503,345,521.089,58.318,41.398,5.706,1.84,2060,34.071,148657,10695,2.459,0.177,12557,4.1,60461828,205.859
Italy,18/03/2020,35713,4207,2978,475,590.67,69.581,49.254,7.856,1.81,2257,37.329,165541,16884,2.738,0.279,13198,4,60461828,205.859
Italy,19/03/2020,41035,5322,3405,427,678.693,88.022,56.317,7.062,1.78,2498,41.315,182777,17236,3.023,0.285,13824,3.7,60461828,205.859
Italy,20/03/2020,47021,5986,4032,627,777.697,99.005,66.687,10.37,1.73,2655,43.912,206886,24109,3.422,0.399,15628,3.7,60461828,205.859
Italy,21/03/2020,53578,6557,4825,793,886.146,108.449,79.802,13.116,1.65,2857,47.253,233222,26336,3.857,0.436,17722,3.8,60461828,205.859
Italy,22/03/2020,59138,5560,5476,651,978.105,91.959,90.57,10.767,1.53,3009,49.767,258402,25180,4.274,0.416,19072,3.9,60461828,205.859
Italy,23/03/2020,63927,4789,6077,601,1057.312,79.207,100.51,9.94,1.43,3204,52.992,275468,17066,4.556,0.282,19644,3.8,60461828,205.859
Italy,24/03/2020,69176,5249,6820,743,1144.127,86.815,112.798,12.289,1.36,3396,56.168,296964,21496,4.912,0.356,21187,3.9,60461828,205.859
Italy,25/03/2020,74386,5210,7503,683,1230.297,86.17,124.095,11.296,1.31,3489,57.706,324445,27481,5.366,0.455,22701,4.1,60461828,205.859
Italy,26/03/2020,80589,6203,8215,712,1332.891,102.594,135.871,11.776,1.27,3612,59.74,361060,36615,5.972,0.606,25469,4.5,60461828,205.859
Italy,27/03/2020,86498,5909,9134,919,1430.622,97.731,151.071,15.2,1.21,3732,61.725,394079,33019,6.518,0.546,26742,4.7,60461828,205.859
Italy,28/03/2020,92472,5974,10023,889,1529.428,98.806,165.774,14.703,1.16,3856,63.776,429526,35447,7.104,0.586,28043,5,60461828,205.859
Italy,29/03/2020,97689,5217,10779,756,1615.714,86.286,178.278,12.504,1.09,3906,64.603,454030,24504,7.509,0.405,27947,5.1,60461828,205.859
Italy,30/03/2020,101739,4050,11591,812,1682.698,66.984,191.708,13.43,1.03,3981,65.843,477359,23329,7.895,0.386,28842,5.3,60461828,205.859
Italy,31/03/2020,105792,4053,12428,837,1749.732,67.034,205.551,13.843,1,4023,66.538,506968,29609,8.385,0.49,30001,5.7,60461828,205.859
Italy,01/04/2020,110574,4782,13155,727,1828.823,79.091,217.575,12.024,0.98,4035,66.736,541423,34455,8.955,0.57,30997,6,60461828,205.859
Italy,02/04/2020,115242,4668,13915,760,1906.029,77.206,230.145,12.57,0.97,4053,67.034,581232,39809,9.613,0.658,31453,6.4,60461828,205.859
Italy,03/04/2020,119827,4585,14681,766,1981.862,75.833,242.814,12.669,0.95,4068,67.282,619849,38617,10.252,0.639,32253,6.8,60461828,205.859
Italy,04/04/2020,124632,4805,15362,681,2061.334,79.472,254.078,11.263,0.94,3994,66.058,657224,37375,10.87,0.618,32528,7.1,60461828,205.859
Italy,05/04/2020,128948,4316,15887,525,2132.718,71.384,262.761,8.683,0.91,3977,65.777,691461,34237,11.436,0.566,33919,7.6,60461828,205.859
Italy,06/04/2020,132547,3599,16523,636,2192.243,59.525,273.28,10.519,0.89,3898,64.47,721732,30271,11.937,0.501,34910,7.9,60461828,205.859
Italy,07/04/2020,135586,3039,17127,604,2242.506,50.263,283.27,9.99,0.88,3792,62.717,755445,33713,12.495,0.558,35497,8.3,60461828,205.859
Italy,08/04/2020,139422,3836,17669,542,2305.951,63.445,292.234,8.964,0.89,3693,61.08,807125,51680,13.349,0.855,37957,9.2,60461828,205.859
Italy,09/04/2020,143626,4204,18279,610,2375.482,69.531,302.323,10.089,0.91,3605,59.624,853369,46244,14.114,0.765,38877,9.6,60461828,205.859
Italy,10/04/2020,147577,3951,18849,570,2440.829,65.347,311.75,9.427,0.91,3497,57.838,906864,53495,14.999,0.885,41002,10.3,60461828,205.859
Italy,11/04/2020,152271,4694,19468,619,2518.465,77.636,321.988,10.238,0.91,3381,55.92,963473,56609,15.935,0.936,43750,11.1,60461828,205.859
Italy,12/04/2020,156363,4092,19899,431,2586.144,67.679,329.117,7.128,0.89,3343,55.291,1010193,46720,16.708,0.773,45533,11.6,60461828,205.859
Italy,13/04/2020,159516,3153,20465,566,2638.293,52.149,338.478,9.361,0.86,3260,53.918,1046910,36717,17.315,0.607,46454,12.1,60461828,205.859
Italy,14/04/2020,162488,2972,21067,602,2687.448,49.155,348.435,9.957,0.84,3186,52.694,1073689,26779,17.758,0.443,45463,11.8,60461828,205.859
Italy,15/04/2020,165155,2667,21645,578,2731.558,44.11,357.994,9.56,0.84,3079,50.925,1117404,43715,18.481,0.723,44326,12.1,60461828,205.859
Italy,16/04/2020,168941,3786,22170,525,2794.176,62.618,366.678,8.683,0.86,2936,48.56,1178403,60999,19.49,1.009,46433,12.8,60461828,205.859
Italy,17/04/2020,172434,3493,22745,575,2851.948,57.772,376.188,9.51,0.86,2812,46.509,1244108,65705,20.577,1.087,48178,13.6,60461828,205.859
Italy,18/04/2020,175925,3491,23227,482,2909.687,57.739,384.16,7.972,0.85,2733,45.202,1305833,61725,21.598,1.021,48909,14.5,60461828,205.859
Italy,19/04/2020,178972,3047,23660,433,2960.083,50.395,391.321,7.162,0.83,2635,43.581,1356541,50708,22.436,0.839,49478,15.3,60461828,205.859
Italy,20/04/2020,181228,2256,24114,454,2997.395,37.313,398.83,7.509,0.82,2573,42.556,1398024,41483,23.122,0.686,50159,16.2,60461828,205.859
Italy,21/04/2020,183957,2729,24648,534,3042.531,45.136,407.662,8.832,0.82,2471,40.869,1450150,52126,23.985,0.862,53780,17.5,60461828,205.859
Italy,22/04/2020,187327,3370,25085,437,3098.269,55.738,414.89,7.228,0.83,2384,39.43,1513251,63101,25.028,1.044,56550,17.9,60461828,205.859
Italy,23/04/2020,189973,2646,25549,464,3142.032,43.763,422.564,7.674,0.82,2267,37.495,1579909,66658,26.131,1.102,57358,19.1,60461828,205.859
Italy,24/04/2020,192994,3021,25969,420,3191.997,49.965,429.511,6.947,0.81,2173,35.94,1642356,62447,27.164,1.033,56893,19.4,60461828,205.859
Italy,25/04/2020,195351,2357,26384,415,3230.981,38.983,436.375,6.864,0.78,2102,34.766,1707743,65387,28.245,1.081,57416,20.7,60461828,205.859
Italy,26/04/2020,197675,2324,26644,260,3269.418,38.437,440.675,4.3,0.76,2009,33.228,1757659,49916,29.071,0.826,57303,21.4,60461828,205.859
Italy,27/04/2020,199414,1739,26977,333,3298.18,28.762,446.182,5.508,0.74,1956,32.351,1789662,32003,29.6,0.529,55948,21.5,60461828,205.859
Italy,28/04/2020,201505,2091,27359,382,3332.764,34.584,452.5,6.318,0.74,1863,30.813,1846934,57272,30.547,0.947,56683,22.6,60461828,205.859
Italy,29/04/2020,203591,2086,27682,323,3367.265,34.501,457.843,5.342,0.73,1795,29.688,1910761,63827,31.603,1.056,56787,24.4,60461828,205.859
Italy,30/04/2020,205463,1872,27967,285,3398.227,30.962,462.556,4.714,0.73,1694,28.018,1979217,68456,32.735,1.132,57044,25.8,60461828,205.859
Italy,01/05/2020,207428,1965,28236,269,3430.727,32.5,467.005,4.449,0.72,1578,26.099,2053425,74208,33.962,1.227,58724,28.5,60461828,205.859
Italy,02/05/2020,209328,1900,28710,474,3462.151,31.425,474.845,7.84,0.7,1539,25.454,2108837,55412,34.879,0.916,57299,28.7,60461828,205.859
Italy,03/05/2020,210717,1389,28884,174,3485.125,22.973,477.723,2.878,0.68,1501,24.826,2153772,44935,35.622,0.743,56588,30.4,60461828,205.859
Italy,04/05/2020,211938,1221,29079,195,3505.319,20.195,480.948,3.225,0.66,1479,24.462,2191403,37631,36.244,0.622,57392,32.1,60461828,205.859
Italy,05/05/2020,213013,1075,29315,236,3523.099,17.78,484.851,3.903,0.66,1427,23.602,2246666,55263,37.158,0.914,57105,34.7,60461828,205.859
Italy,06/05/2020,214457,1444,29684,369,3546.982,23.883,490.954,6.103,0.67,1333,22.047,2310929,64263,38.221,1.063,57167,36.8,60461828,205.859
Italy,07/05/2020,215858,1401,29958,274,3570.153,23.172,495.486,4.532,0.68,1311,21.683,2381288,70359,39.385,1.164,57439,38.7,60461828,205.859
Italy,08/05/2020,217185,1327,30201,243,3592.101,21.948,499.505,4.019,0.67,1168,19.318,2445063,63775,40.44,1.055,55948,40.1,60461828,205.859
Italy,09/05/2020,218268,1083,30395,194,3610.013,17.912,502.714,3.209,0.66,1034,17.102,2514234,69171,41.584,1.144,57914,45.3,60461828,205.859
Italy,10/05/2020,219070,802,30560,165,3623.278,13.265,505.443,2.729,0.65,1027,16.986,2565912,51678,42.439,0.855,58877,49.3,60461828,205.859
Italy,11/05/2020,219814,744,30739,179,3635.583,12.305,508.403,2.961,0.66,999,16.523,2606652,40740,43.112,0.674,59321,52.7,60461828,205.859
Italy,12/05/2020,221216,1402,30911,172,3658.771,23.188,511.248,2.845,0.69,952,15.745,2673655,67003,44.221,1.108,60998,52.1,60461828,205.859
Italy,13/05/2020,222104,888,31106,195,3673.458,14.687,514.473,3.225,0.68,893,14.77,2735628,61973,45.246,1.025,60671,55.5,60461828,205.859
Italy,14/05/2020,223096,992,31368,262,3689.865,16.407,518.807,4.333,0.68,855,14.141,2807504,71876,46.434,1.189,60888,58.9,60461828,205.859
Italy,15/05/2020,223885,789,31610,242,3702.915,13.05,522.809,4.003,0.67,808,13.364,2875680,68176,47.562,1.128,61517,64.3,60461828,205.859
Italy,16/05/2020,224760,875,31763,153,3717.387,14.472,525.34,2.531,0.66,775,12.818,2944859,69179,48.706,1.144,61518,66.3,60461828,205.859
Italy,17/05/2020,225435,675,31908,145,3728.551,11.164,527.738,2.398,0.65,762,12.603,3004960,60101,49.7,0.994,62721,69,60461828,205.859
Italy,18/05/2020,225886,451,32007,99,3736.01,7.459,529.375,1.637,0.64,749,12.388,3041366,36406,50.302,0.602,62102,71.6,60461828,205.859
Italy,19/05/2020,226699,813,32169,162,3749.457,13.447,532.055,2.679,0.67,716,11.842,3104524,63158,51.347,1.045,61553,78.6,60461828,205.859
Italy,20/05/2020,227364,665,32330,161,3760.455,10.999,534.718,2.663,0.67,676,11.181,3171719,67195,52.458,1.111,62299,82.9,60461828,205.859
Italy,21/05/2020,228006,642,32486,156,3771.074,10.618,537.298,2.58,0.67,640,10.585,3243398,71679,53.644,1.186,62271,88.8,60461828,205.859
Italy,22/05/2020,228658,652,32616,130,3781.857,10.784,539.448,2.15,0.68,595,9.841,3318778,75380,54.89,1.247,63300,92.8,60461828,205.859
Italy,23/05/2020,229327,669,32735,119,3792.922,11.065,541.416,1.968,0.67,572,9.461,3391188,72410,56.088,1.198,63761,97.7,60461828,205.859
Italy,24/05/2020,229858,531,32785,50,3801.704,8.782,542.243,0.827,0.66,553,9.146,3447012,55824,57.011,0.923,63150,99.9,60461828,205.859
Italy,25/05/2020,230158,300,32877,92,3806.666,4.962,543.765,1.522,0.64,541,8.948,3482253,35241,57.594,0.583,62984,103.2,60461828,205.859
Italy,26/05/2020,230555,397,32955,78,3813.232,6.566,545.055,1.29,0.66,521,8.617,3539927,57674,58.548,0.954,62200,112.9,60461828,205.859
Italy,27/05/2020,231139,584,33072,117,3822.891,9.659,546.99,1.935,0.69,505,8.352,3607251,67324,59.662,1.113,62219,115.4,60461828,205.859
Italy,28/05/2020,231732,593,33142,70,3832.699,9.808,548.148,1.158,0.7,489,8.088,3683144,75893,60.917,1.255,62821,118,60461828,205.859
Italy,29/05/2020,232248,516,33229,87,3841.234,8.534,549.586,1.439,0.69,475,7.856,3755279,72135,62.11,1.193,62357,121.6,60461828,205.859
Italy,30/05/2020,232664,416,33340,111,3848.114,6.88,551.422,1.836,0.66,450,7.443,3824621,69342,63.257,1.147,61919,129.9,60461828,205.859
Italy,31/05/2020,232997,333,33415,75,3853.621,5.508,552.663,1.24,0.64,435,7.195,3878739,54118,64.152,0.895,61675,137.5,60461828,205.859
Italy,01/06/2020,233197,200,33475,60,3856.929,3.308,553.655,0.992,0.62,424,7.013,3910133,31394,64.671,0.519,61126,140.8,60461828,205.859
Italy,02/06/2020,233515,318,33530,55,3862.189,5.26,554.565,0.91,0.64,408,6.748,3962292,52159,65.534,0.863,60338,142.7,60461828,205.859
Italy,03/06/2020,233836,321,33601,71,3867.498,5.309,555.739,1.174,0.66,353,5.838,3999591,37299,66.151,0.617,56049,145.5,60461828,205.859
Italy,04/06/2020,234013,177,33689,88,3870.425,2.927,557.195,1.455,0.67,338,5.59,4049544,49953,66.977,0.826,52343,160.6,60461828,205.859
Italy,05/06/2020,234531,518,33774,85,3878.993,8.567,558.6,1.406,0.72,316,5.226,4114572,65028,68.052,1.076,51328,157.4,60461828,205.859
Italy,06/06/2020,234801,270,33846,72,3883.459,4.466,559.791,1.191,0.71,293,4.846,4187057,72485,69.251,1.199,51777,169.6,60461828,205.859
Italy,07/06/2020,234998,197,33899,53,3886.717,3.258,560.668,0.877,0.71,287,4.747,4236535,49478,70.07,0.818,51114,178.8,60461828,205.859
Italy,08/06/2020,235278,280,33964,65,3891.348,4.631,561.743,1.075,0.73,283,4.681,4263647,27112,70.518,0.448,50502,169.9,60461828,205.859
Italy,09/06/2020,235561,283,34043,79,3896.028,4.681,563.049,1.307,0.75,263,4.35,4318650,55003,71.428,0.91,50908,174.2,60461828,205.859
Italy,10/06/2020,235763,202,34114,71,3899.369,3.341,564.224,1.174,0.78,249,4.118,4381349,62699,72.465,1.037,54537,198.1,60461828,205.859
Italy,11/06/2020,236142,379,34167,53,3905.638,6.268,565.1,0.877,0.82,236,3.903,4443821,62472,73.498,1.033,56325,185.2,60461828,205.859
Italy,12/06/2020,236305,163,34223,56,3908.334,2.696,566.027,0.926,0.83,227,3.754,4514441,70620,74.666,1.168,57124,225.4,60461828,205.859
Italy,13/06/2020,236651,346,34301,78,3914.056,5.723,567.317,1.29,0.88,220,3.639,4564191,49750,75.489,0.823,53876,203.9,60461828,205.859
Italy,14/06/2020,236989,338,34345,44,3919.647,5.59,568.044,0.728,0.9,209,3.457,4620718,56527,76.424,0.935,54883,193,60461828,205.859
Italy,15/06/2020,237290,301,34371,26,3924.625,4.978,568.474,0.43,0.91,207,3.424,4648825,28107,76.889,0.465,55025,191.4,60461828,205.859
Italy,16/06/2020,237500,210,34405,34,3928.098,3.473,569.037,0.562,0.91,177,2.927,4695707,46882,77.664,0.775,53865,194.5,60461828,205.859
Italy,17/06/2020,237828,328,34448,43,3933.523,5.425,569.748,0.711,0.94,163,2.696,4773408,77701,78.949,1.285,56008,189.9,60461828,205.859
Italy,18/06/2020,238159,331,34514,66,3938.998,5.475,570.84,1.092,0.95,168,2.779,4831562,58154,79.911,0.962,55392,192.2,60461828,205.859
Italy,19/06/2020,238011,-148,34561,47,3936.55,-2.448,571.617,0.777,0.95,161,2.663,4889103,57541,80.863,0.952,53523,219.6,60461828,205.859
Italy,20/06/2020,238275,264,34610,49,3940.916,4.366,572.427,0.81,0.95,152,2.514,4943825,54722,81.768,0.905,54233,233.8,60461828,205.859
Italy,21/06/2020,238499,224,34634,24,3944.621,3.705,572.824,0.397,0.95,148,2.448,4984370,40545,82.438,0.671,51950,240.8,60461828,205.859
Italy,22/06/2020,238720,221,34657,23,3948.276,3.655,573.205,0.38,0.97,127,2.1,5013342,28972,82.917,0.479,52074,254.9,60461828,205.859
Italy,23/06/2020,238833,113,34675,18,3950.145,1.869,573.502,0.298,0.99,115,1.902,5053827,40485,83.587,0.67,51160,268.7,60461828,205.859
Italy,24/06/2020,239410,577,34644,-31,3959.688,9.543,572.99,-0.513,1.09,107,1.77,5107093,53266,84.468,0.881,47669,210.9,60461828,205.859
Italy,25/06/2020,239706,296,34678,34,3964.584,4.896,573.552,0.562,1.01,103,1.704,5163154,56061,85.395,0.927,47370,214.3,60461828,205.859
Italy,26/06/2020,239961,255,34708,30,3968.802,4.218,574.048,0.496,0.94,105,1.737,5215922,52768,86.268,0.873,46688,167.6,60461828,205.859
Italy,27/06/2020,240136,175,34716,8,3971.696,2.894,574.18,0.132,0.86,97,1.604,5277273,61351,87.283,1.015,47635,179.2,60461828,205.859
Italy,28/06/2020,240310,174,34738,22,3974.574,2.878,574.544,0.364,0.82,98,1.621,5314619,37346,87.9,0.618,47178,182.4,60461828,205.859
Italy,29/06/2020,240436,126,34744,6,3976.658,2.084,574.644,0.099,0.8,96,1.588,5341837,27218,88.351,0.45,46928,191.4,60461828,205.859
Italy,30/06/2020,240578,142,34767,23,3979.006,2.349,575.024,0.38,0.81,93,1.538,5390110,48273,89.149,0.798,48040,192.7,60461828,205.859
Italy,01/07/2020,240760,182,34788,21,3982.017,3.01,575.371,0.347,0.84,87,1.439,5445476,55366,90.065,0.916,48340,250.7,60461828,205.859
Italy,02/07/2020,240961,201,34818,30,3985.341,3.324,575.867,0.496,0.88,82,1.356,5498719,53243,90.945,0.881,47938,267.4,60461828,205.859
Italy,03/07/2020,241184,223,34833,15,3989.029,3.688,576.116,0.248,0.91,79,1.307,5548815,50096,91.774,0.829,47556,272.2,60461828,205.859
Italy,04/07/2020,241419,235,34854,21,3992.916,3.887,576.463,0.347,0.93,71,1.174,5600826,52011,92.634,0.86,46222,252.2,60461828,205.859
Italy,05/07/2020,241611,192,34861,7,3996.092,3.176,576.579,0.116,0.93,74,1.224,5638288,37462,93.254,0.62,46238,248.8,60461828,205.859
Italy,06/07/2020,241819,208,34869,8,3999.532,3.44,576.711,0.132,0.93,72,1.191,5660454,22166,93.62,0.367,45517,230.4,60461828,205.859
Italy,07/07/2020,241956,137,34899,30,4001.798,2.266,577.207,0.496,0.92,70,1.158,5703673,43219,94.335,0.715,44795,227.6,60461828,205.859
Italy,08/07/2020,242149,193,34914,15,4004.99,3.192,577.455,0.248,0.95,71,1.174,5754116,50443,95.169,0.834,44091,222.2,60461828,205.859
Italy,09/07/2020,242363,214,34926,12,4008.529,3.539,577.654,0.198,0.98,69,1.141,5806668,52552,96.039,0.869,43993,219.7,60461828,205.859
Italy,10/07/2020,242639,276,34938,12,4013.094,4.565,577.852,0.198,1,65,1.075,5854621,47953,96.832,0.793,43687,210.2,60461828,205.859
Italy,11/07/2020,242827,188,34945,7,4016.203,3.109,577.968,0.116,0.98,67,1.108,5900552,45931,97.591,0.76,42818,212.9,60461828,205.859
Italy,12/07/2020,243061,234,34954,9,4020.074,3.87,578.117,0.149,0.97,68,1.125,5938811,38259,98.224,0.633,42932,207.3,60461828,205.859
Italy,13/07/2020,243230,169,34967,13,4022.869,2.795,578.332,0.215,0.95,65,1.075,5962744,23933,98.62,0.396,43184,214.2,60461828,205.859
Italy,14/07/2020,243344,114,34984,17,4024.754,1.885,578.613,0.281,0.94,60,0.992,6004611,41867,99.312,0.692,42991,216.8,60461828,205.859
Italy,15/07/2020,243506,162,34997,13,4027.434,2.679,578.828,0.215,0.97,57,0.943,6053060,48449,100.114,0.801,42706,220.3,60461828,205.859
Italy,16/07/2020,243736,230,35017,20,4031.238,3.804,579.159,0.331,1.03,53,0.877,6103492,50432,100.948,0.834,42403,216.2,60461828,205.859
Italy,17/07/2020,243967,231,35028,11,4035.058,3.821,579.341,0.182,1.05,50,0.827,6154259,50767,101.788,0.84,42805,225.6,60461828,205.859
Italy,18/07/2020,244216,249,35042,14,4039.177,4.118,579.572,0.232,1.07,50,0.827,6202524,48265,102.586,0.798,43139,217.4,60461828,205.859
Italy,19/07/2020,244434,218,35045,3,4042.782,3.606,579.622,0.05,1.06,49,0.81,6238049,35525,103.173,0.588,42748,217.9,60461828,205.859
Italy,20/07/2020,244624,190,35058,13,4045.925,3.142,579.837,0.215,1.05,47,0.777,6262302,24253,103.574,0.401,42794,214.9,60461828,205.859
Italy,21/07/2020,244752,128,35073,15,4048.042,2.117,580.085,0.248,1.06,49,0.81,6305412,43110,104.287,0.713,42972,213.6,60461828,205.859
Italy,22/07/2020,245032,280,35082,9,4052.673,4.631,580.234,0.149,1.13,48,0.794,6354730,49318,105.103,0.816,43096,197.7,60461828,205.859
Italy,23/07/2020,245338,306,35092,10,4057.734,5.061,580.399,0.165,1.16,49,0.81,6415041,60311,106.101,0.998,44507,194.5,60461828,205.859
Italy,24/07/2020,245590,252,35097,5,4061.902,4.168,580.482,0.083,1.14,46,0.761,6468375,53334,106.983,0.882,44874,193.5,60461828,205.859
Italy,25/07/2020,245864,274,35102,5,4066.433,4.532,580.565,0.083,1.13,41,0.678,6520046,51671,107.837,0.855,45360,192.7,60461828,205.859
Italy,26/07/2020,246118,254,35107,5,4070.634,4.201,580.647,0.083,1.11,44,0.728,6560572,40526,108.508,0.67,46075,191.5,60461828,205.859
Italy,27/07/2020,246286,168,35112,5,4073.413,2.779,580.73,0.083,1.09,45,0.744,6586123,25551,108.93,0.423,46260,194.8,60461828,205.859
Italy,28/07/2020,246488,202,35123,11,4076.754,3.341,580.912,0.182,1.12,40,0.662,6634293,48170,109.727,0.797,46983,189.4,60461828,205.859
Italy,29/07/2020,246776,288,35129,6,4081.517,4.763,581.011,0.099,1.17,38,0.628,6690311,56018,110.653,0.927,47940,192.4,60461828,205.859
Italy,30/07/2020,247158,382,35132,3,4087.835,6.318,581.061,0.05,1.21,47,0.777,6752169,61858,111.677,1.023,48161,185.2,60461828,205.859
Italy,31/07/2020,247537,379,35141,9,4094.104,6.268,581.21,0.149,1.2,41,0.678,6813113,60944,112.685,1.008,49248,177.1,60461828,205.859
Italy,01/08/2020,247832,295,35146,5,4098.983,4.879,581.292,0.083,1.15,43,0.711,6873496,60383,113.683,0.999,50493,179.6,60461828,205.859
Italy,02/08/2020,248070,238,35154,8,4102.919,3.936,581.425,0.132,1.11,42,0.695,6916765,43269,114.399,0.716,50885,182.5,60461828,205.859
Italy,03/08/2020,248229,159,35166,12,4105.549,2.63,581.623,0.198,1.1,41,0.678,6940801,24036,114.796,0.398,50668,182.5,60461828,205.859
Italy,04/08/2020,248419,190,35171,5,4108.692,3.142,581.706,0.083,1.15,41,0.678,6984589,43788,115.521,0.724,50042,181.4,60461828,205.859
Italy,05/08/2020,248803,384,35181,10,4115.043,6.351,581.871,0.165,1.24,41,0.678,7041040,56451,116.454,0.934,50104,173,60461828,205.859
Italy,06/08/2020,249204,401,35187,6,4121.675,6.632,581.97,0.099,1.3,42,0.695,7099713,58673,117.425,0.97,49649,169.9,60461828,205.859
Italy,07/08/2020,249756,552,35190,3,4130.805,9.13,582.02,0.05,1.33,42,0.695,7158909,59196,118.404,0.979,49399,155.8,60461828,205.859
Italy,08/08/2020,250103,347,35203,13,4136.544,5.739,582.235,0.215,1.29,43,0.711,7212207,53298,119.285,0.882,48387,149.1,60461828,205.859
Italy,09/08/2020,250566,463,35205,2,4144.202,7.658,582.268,0.033,1.28,45,0.744,7249844,37637,119.908,0.622,47583,133.4,60461828,205.859
Italy,10/08/2020,250825,259,35209,4,4148.485,4.284,582.334,0.066,1.24,46,0.761,7276276,26432,120.345,0.437,47925,129.2,60461828,205.859
Italy,11/08/2020,251237,412,35215,6,4155.299,6.814,582.434,0.099,1.27,49,0.81,7316918,40642,121.017,0.672,47476,117.9,60461828,205.859
Italy,12/08/2020,251713,476,35225,10,4163.172,7.873,582.599,0.165,1.3,53,0.877,7369576,52658,121.888,0.871,46934,112.9,60461828,205.859
Italy,13/08/2020,252235,522,35231,6,4171.806,8.634,582.698,0.099,1.32,55,0.91,7420764,51188,122.735,0.847,45864,105.9,60461828,205.859
Italy,14/08/2020,252809,574,35234,3,4181.299,9.494,582.748,0.05,1.33,56,0.926,7467487,46723,123.507,0.773,44083,101.1,60461828,205.859
Italy,15/08/2020,253438,629,35392,158,4191.703,10.403,585.361,2.613,1.32,55,0.91,7520610,53123,124.386,0.879,44058,92.5,60461828,205.859
Italy,16/08/2020,253915,477,35396,4,4199.592,7.889,585.427,0.066,1.28,56,0.926,7557417,36807,124.995,0.609,43939,91.8,60461828,205.859
Italy,17/08/2020,254235,320,35400,4,4204.884,5.293,585.493,0.066,1.27,58,0.959,7588083,30666,125.502,0.507,44544,91.4,60461828,205.859
Italy,18/08/2020,254636,401,35405,5,4211.517,6.632,585.576,0.083,1.32,58,0.959,7642059,53976,126.395,0.893,46449,95.7,60461828,205.859
Italy,19/08/2020,255278,642,35412,7,4222.135,10.618,585.692,0.116,1.42,66,1.092,7713154,71095,127.571,1.176,49083,96.4,60461828,205.859
Italy,20/08/2020,256118,840,35418,6,4236.028,13.893,585.791,0.099,1.51,68,1.125,7790596,77442,128.851,1.281,52833,95.2,60461828,205.859
Italy,21/08/2020,257065,947,35427,9,4251.691,15.663,585.94,0.149,1.56,69,1.141,7862592,71996,130.042,1.191,56444,92.8,60461828,205.859
Italy,22/08/2020,258136,1071,35430,3,4269.404,17.714,585.99,0.05,1.58,64,1.059,7940266,77674,131.327,1.285,59951,89.3,60461828,205.859
Italy,23/08/2020,259345,1209,35437,7,4289.401,19.996,586.105,0.116,1.56,69,1.141,8007637,67371,132.441,1.114,64317,82.9,60461828,205.859
Italy,24/08/2020,260298,953,35441,4,4305.163,15.762,586.171,0.066,1.51,65,1.075,8053551,45914,133.201,0.759,66495,76.8,60461828,205.859
Italy,25/08/2020,261174,876,35445,4,4319.651,14.488,586.238,0.066,1.48,66,1.092,8125892,72341,134.397,1.196,69119,74,60461828,205.859
Italy,26/08/2020,262540,1366,35458,13,4342.244,22.593,586.453,0.215,1.49,69,1.141,8219421,93529,135.944,1.547,72324,69.7,60461828,205.859
Italy,27/08/2020,263949,1409,35463,5,4365.548,23.304,586.535,0.083,1.46,67,1.108,8313445,94024,137.499,1.555,74693,66.8,60461828,205.859
Italy,28/08/2020,265409,1460,35472,9,4389.695,24.147,586.684,0.149,1.42,74,1.224,8410510,97065,139.104,1.605,78274,65.7,60461828,205.859
Italy,29/08/2020,266853,1444,35473,1,4413.578,23.883,586.701,0.017,1.36,79,1.307,8509618,99108,140.744,1.639,81336,65.3,60461828,205.859
Italy,30/08/2020,268218,1365,35477,4,4436.154,22.576,586.767,0.066,1.29,86,1.422,8586341,76723,142.013,1.269,82672,65.2,60461828,205.859
Italy,31/08/2020,269214,996,35483,6,4452.628,16.473,586.866,0.099,1.23,94,1.555,8644859,58518,142.98,0.968,84473,66.3,60461828,205.859
Italy,01/09/2020,270189,975,35491,8,4468.753,16.126,586.998,0.132,1.2,107,1.77,8725909,81050,144.321,1.341,85717,66.6,60461828,205.859
Italy,02/09/2020,271515,1326,35497,6,4490.685,21.931,587.098,0.099,1.21,109,1.803,8828868,102959,146.024,1.703,87064,67.9,60461828,205.859
Italy,03/09/2020,272912,1397,35507,10,4513.79,23.105,587.263,0.165,1.22,120,1.985,8921658,92790,147.559,1.535,86888,67.9,60461828,205.859
Italy,04/09/2020,274644,1732,35518,11,4542.436,28.646,587.445,0.182,1.22,121,2.001,9034743,113085,149.429,1.87,89176,67.6,60461828,205.859
Italy,05/09/2020,276338,1694,35534,16,4570.454,28.018,587.71,0.265,1.19,121,2.001,9142401,107658,151.209,1.781,90398,66.7,60461828,205.859
Italy,06/09/2020,277634,1296,35541,7,4591.889,21.435,587.825,0.116,1.14,133,2.2,9219257,76856,152.481,1.271,90417,67.2,60461828,205.859
Italy,07/09/2020,278784,1150,35553,12,4610.909,19.02,588.024,0.198,1.11,142,2.349,9271810,52553,153.35,0.869,89564,65.5,60461828,205.859
Italy,08/09/2020,280153,1369,35563,10,4633.552,22.642,588.189,0.165,1.11,143,2.365,9364213,92403,154.878,1.528,91186,64.1,60461828,205.859
Italy,09/09/2020,281583,1430,35577,14,4657.203,23.651,588.421,0.232,1.11,150,2.481,9460203,95990,156.466,1.588,90191,62.7,60461828,205.859
Italy,10/09/2020,283180,1597,35587,10,4683.616,26.413,588.586,0.165,1.11,164,2.712,9554389,94186,158.023,1.558,90390,61.6,60461828,205.859
Italy,11/09/2020,284796,1616,35597,10,4710.344,26.728,588.752,0.165,1.1,175,2.894,9653269,98880,159.659,1.635,88361,60.9,60461828,205.859
Italy,12/09/2020,286297,1501,35603,6,4735.169,24.826,588.851,0.099,1.07,182,3.01,9745975,92706,161.192,1.533,86225,60.6,60461828,205.859
Italy,13/09/2020,287753,1456,35610,7,4759.251,24.081,588.967,0.116,1.05,187,3.093,9818118,72143,162.385,1.193,85552,59.2,60461828,205.859
Italy,14/09/2020,288761,1008,35624,14,4775.922,16.672,589.198,0.232,1.02,197,3.258,9863427,45309,163.135,0.749,84517,59.3,60461828,205.859
Italy,15/09/2020,289990,1229,35633,9,4796.249,20.327,589.347,0.149,1.04,201,3.324,9943944,80517,164.466,1.332,82819,58.9,60461828,205.859
Italy,16/09/2020,291442,1452,35645,12,4820.264,24.015,589.546,0.198,1.07,207,3.424,10044551,100607,166.13,1.664,83478,59.3,60461828,205.859
Italy,17/09/2020,293025,1583,35658,13,4846.446,26.182,589.761,0.215,1.1,212,3.506,10146324,101773,167.814,1.683,84562,60.1,60461828,205.859
Italy,18/09/2020,294932,1907,35668,10,4877.987,31.541,589.926,0.165,1.11,208,3.44,10246163,99839,169.465,1.651,84699,58.5,60461828,205.859
Italy,19/09/2020,296569,1637,35692,24,4905.062,27.075,590.323,0.397,1.1,215,3.556,10349386,103223,171.172,1.707,86202,58.7,60461828,205.859
Italy,20/09/2020,298156,1587,35707,15,4931.31,26.248,590.571,0.248,1.09,222,3.672,10432814,83428,172.552,1.38,87814,59.1,60461828,205.859
Italy,21/09/2020,299506,1350,35724,17,4953.638,22.328,590.852,0.281,1.07,232,3.837,10488676,55862,173.476,0.924,89321,58.2,60461828,205.859
Italy,22/09/2020,300897,1391,35738,14,4976.644,23.006,591.084,0.232,1.08,239,3.953,10575979,87303,174.92,1.444,90291,57.9,60461828,205.859
Italy,23/09/2020,302537,1640,35758,20,5003.769,27.125,591.414,0.331,1.11,244,4.036,10679675,103696,176.635,1.715,90732,57.2,60461828,205.859
Italy,24/09/2020,304323,1786,35781,23,5033.308,29.539,591.795,0.38,1.13,246,4.069,10787694,108019,178.422,1.787,91624,56.8,60461828,205.859
Italy,25/09/2020,306235,1912,35801,20,5064.931,31.623,592.126,0.331,1.14,244,4.036,10894963,107269,180.196,1.774,92686,57.4,60461828,205.859
Italy,26/09/2020,308104,1869,35818,17,5095.843,30.912,592.407,0.281,1.15,247,4.085,10999350,104387,181.922,1.726,92852,56.3,60461828,205.859
Italy,27/09/2020,309870,1766,35835,17,5125.052,29.209,592.688,0.281,1.14,254,4.201,11087064,87714,183.373,1.451,93464,55.9,60461828,205.859
Italy,28/09/2020,311364,1494,35851,16,5149.762,24.71,592.953,0.265,1.15,264,4.366,11138173,51109,184.218,0.845,92785,54.8,60461828,205.859
Italy,29/09/2020,313011,1647,35875,24,5177.002,27.24,593.35,0.397,1.18,271,4.482,11228358,90185,185.71,1.492,93197,53.9,60461828,205.859
Italy,30/09/2020,314861,1850,35894,19,5207.6,30.598,593.664,0.314,1.23,280,4.631,11333922,105564,187.456,1.746,93464,53.1,60461828,205.859
Italy,01/10/2020,317409,2548,35918,24,5249.742,42.142,594.061,0.397,1.3,291,4.813,11452158,118236,189.411,1.956,94923,50.8,60461828,205.859
Italy,02/10/2020,319908,2499,35941,23,5291.074,41.332,594.441,0.38,1.33,294,4.863,11572459,120301,191.401,1.99,96785,49.5,60461828,205.859
Italy,03/10/2020,322751,2843,35968,27,5338.095,47.021,594.888,0.447,1.36,297,4.912,11691391,118932,193.368,1.967,98863,47.2,60461828,205.859
Italy,04/10/2020,325329,2578,35986,18,5380.734,42.638,595.185,0.298,1.37,303,5.011,11784105,92714,194.902,1.533,99577,45.1,60461828,205.859
Italy,05/10/2020,327586,2257,36002,16,5418.063,37.329,595.45,0.265,1.39,323,5.342,11844346,60241,195.898,0.996,100882,43.5,60461828,205.859
Italy,06/10/2020,330263,2677,36030,28,5462.339,44.276,595.913,0.463,1.45,319,5.276,11944088,99742,197.548,1.65,102247,41.5,60461828,205.859
Italy,07/10/2020,333940,3677,36061,31,5523.154,60.815,596.426,0.513,1.54,337,5.574,12069402,125314,199.62,2.073,105069,38.5,60461828,205.859
Italy,08/10/2020,338398,4458,36083,22,5596.887,73.732,596.79,0.364,1.61,358,5.921,12197500,128098,201.739,2.119,106477,35.5,60461828,205.859
Italy,09/10/2020,343770,5372,36111,28,5685.736,88.849,597.253,0.463,1.65,387,6.401,12326971,129471,203.88,2.141,107787,31.6,60461828,205.859
Italy,10/10/2020,349494,5724,36140,29,5780.407,94.671,597.733,0.48,1.65,390,6.45,12460055,133084,206.081,2.201,109809,28.7,60461828,205.859
Italy,11/10/2020,354950,5456,36166,26,5870.646,90.239,598.163,0.43,1.63,420,6.947,12564713,104658,207.812,1.731,111515,26.4,60461828,205.859
Italy,12/10/2020,359569,4619,36205,39,5947.041,76.395,598.808,0.645,1.61,452,7.476,12650155,85442,209.225,1.413,115116,25.2,60461828,205.859
Italy,13/10/2020,365467,5898,36246,41,6044.591,97.549,599.486,0.678,1.64,514,8.501,12762699,112544,211.087,1.861,116944,23.3,60461828,205.859
Italy,14/10/2020,372799,7332,36289,43,6165.857,121.267,600.197,0.711,1.68,539,8.915,12914895,152196,213.604,2.517,120785,21.8,60461828,205.859
Italy,15/10/2020,381602,8803,36372,83,6311.453,145.596,601.57,1.373,1.71,586,9.692,13077827,162932,216.299,2.695,125761,20.4,60461828,205.859
Italy,16/10/2020,391611,10009,36427,55,6476.996,165.542,602.479,0.91,1.72,638,10.552,13228204,150377,218.786,2.487,128748,18.8,60461828,205.859
Italy,17/10/2020,402536,10925,36474,47,6657.688,180.693,603.257,0.777,1.71,705,11.66,13394041,165837,221.529,2.743,133427,17.6,60461828,205.859
Italy,18/10/2020,414241,11705,36543,69,6851.281,193.593,604.398,1.141,1.68,750,12.405,13540582,146541,223.953,2.424,139410,16.5,60461828,205.859
Italy,19/10/2020,423578,9337,36616,73,7005.709,154.428,605.605,1.207,1.64,797,13.182,13639444,98862,225.588,1.635,141327,15.5,60461828,205.859
Italy,20/10/2020,434449,10871,36705,89,7185.509,179.799,607.077,1.472,1.64,870,14.389,13784181,144737,227.982,2.394,145926,14.8,60461828,205.859
Italy,21/10/2020,449648,15199,36832,127,7436.891,251.382,609.178,2.1,1.68,926,15.315,13962029,177848,230.923,2.941,149591,13.6,60461828,205.859
Italy,22/10/2020,465726,16078,36968,136,7702.81,265.92,611.427,2.249,1.68,992,16.407,14132421,170392,233.741,2.818,150656,12.5,60461828,205.859
Italy,23/10/2020,484869,19143,37059,91,8019.423,316.613,612.932,1.505,1.68,1049,17.35,14314453,182032,236.752,3.011,155178,11.6,60461828,205.859
Italy,24/10/2020,504509,19640,37210,151,8344.256,324.833,615.43,2.497,1.65,1128,18.656,14492122,177669,239.69,2.939,156869,10.8,60461828,205.859
Italy,25/10/2020,525782,21273,37338,128,8696.098,351.842,617.547,2.117,1.61,1208,19.98,14654002,161880,242.368,2.677,159060,10,60461828,205.859
Italy,26/10/2020,542789,17007,37479,141,8977.383,281.285,619.879,2.332,1.56,1284,21.237,14778688,124686,244.43,2.062,162749,9.6,60461828,205.859
Italy,27/10/2020,564778,21989,37700,221,9341.067,363.684,623.534,3.655,1.55,1411,23.337,14953086,174398,247.314,2.884,166986,9,60461828,205.859
Italy,28/10/2020,589766,24988,37905,205,9754.353,413.286,626.924,3.391,1.55,1536,25.404,15152038,198952,250.605,3.291,170001,8.5,60461828,205.859
Italy,29/10/2020,616595,26829,38122,217,10198.087,443.735,630.514,3.589,1.53,1651,27.306,15353490,201452,253.937,3.332,174438,8.1,60461828,205.859
Italy,30/10/2020,647674,31079,38321,199,10712.114,514.027,633.805,3.291,1.51,1746,28.878,15568575,215085,257.494,3.557,179160,7.7,60461828,205.859
Italy,31/10/2020,679430,31756,38618,297,11237.338,525.224,638.717,4.912,1.46,1843,30.482,15784461,215886,261.065,3.571,184620,7.4,60461828,205.859
Italy,01/11/2020,709335,29905,38826,208,11731.948,494.61,642.157,3.44,1.4,1939,32.07,15967918,183457,264.099,3.034,187702,7.2,60461828,205.859
Italy,02/11/2020,731588,22253,39059,233,12099.998,368.05,646.011,3.854,1.34,2022,33.443,16103649,135731,266.344,2.245,189280,7,60461828,205.859
Italy,03/11/2020,759829,28241,39412,353,12567.086,467.088,651.849,5.838,1.32,2225,36.8,16285936,182287,269.359,3.015,190407,6.8,60461828,205.859
Italy,04/11/2020,790377,30548,39764,352,13072.331,505.244,657.671,5.822,1.32,2292,37.908,16497767,211831,272.863,3.504,192247,6.7,60461828,205.859
Italy,05/11/2020,824879,34502,40192,428,13642.972,570.641,664.75,7.079,1.31,2391,39.546,16717651,219884,276.499,3.637,194880,6.5,60461828,205.859
Italy,06/11/2020,862681,37802,40638,446,14268.192,625.221,672.127,7.377,1.3,2515,41.596,16951896,234245,280.374,3.874,197617,6.4,60461828,205.859
Italy,07/11/2020,902490,39809,41063,425,14926.608,658.415,679.156,7.029,1.26,2634,43.565,17183569,231673,284.205,3.832,199873,6.3,60461828,205.859
Italy,08/11/2020,935104,32614,41394,331,15466.023,539.415,684.63,5.475,1.21,2749,45.467,17374713,191144,287.367,3.161,200971,6.2,60461828,205.859
Italy,09/11/2020,960373,25269,41750,356,15883.956,417.933,690.518,5.888,1.16,2849,47.121,17522438,147725,289.81,2.443,202684,6.2,60461828,205.859
Italy,10/11/2020,995463,35090,42330,580,16464.322,580.366,700.111,9.593,1.16,2971,49.138,17740196,217758,293.412,3.602,207751,6.2,60461828,205.859
Italy,11/11/2020,1028424,32961,42953,623,17009.476,545.154,710.415,10.304,1.15,3081,50.958,17965836,225640,297.143,3.732,209724,6.2,60461828,205.859
Italy,12/11/2020,1066401,37977,43589,636,17637.591,628.115,720.934,10.519,1.15,3170,52.43,18200508,234672,301.025,3.881,211837,6.1,60461828,205.859
Italy,13/11/2020,1107303,40902,44139,550,18314.084,676.493,730.031,9.097,1.13,3230,53.422,18455416,254908,305.241,4.216,214789,6.1,60461828,205.859
Italy,14/11/2020,1144552,37249,44683,544,18930.159,616.075,739.028,8.997,1.1,3306,54.679,18683111,227695,309.007,3.766,214220,6.2,60461828,205.859
Italy,15/11/2020,1178529,33977,45229,546,19492.117,561.958,748.059,9.03,1.06,3422,56.598,18878386,195275,312.236,3.23,214810,6.2,60461828,205.859
Italy,16/11/2020,1205881,27352,45733,504,19944.501,452.385,756.395,8.336,1.03,3492,57.755,19031049,152663,314.761,2.525,215516,6.1,60461828,205.859
Italy,17/11/2020,1238072,32191,46464,731,20476.92,532.419,768.485,12.09,1.02,3612,59.74,19239507,208458,318.209,3.448,214187,6.2,60461828,205.859
Italy,18/11/2020,1272352,34280,47217,753,21043.889,566.969,780.939,12.454,1.02,3670,60.699,19474341,234834,322.093,3.884,215501,6.2,60461828,205.859
Italy,19/11/2020,1308528,36176,47870,653,21642.217,598.328,791.739,10.8,1.01,3712,61.394,19724527,250186,326.231,4.138,217717,6.3,60461828,205.859
Italy,20/11/2020,1345767,37239,48569,699,22258.126,615.909,803.3,11.561,0.99,3748,61.99,19962604,238077,330.169,3.938,215313,6.3,60461828,205.859
Italy,21/11/2020,1380531,34764,49261,692,22833.101,574.974,814.745,11.445,0.95,3758,62.155,20199829,237225,334.092,3.924,216674,6.4,60461828,205.859
Italy,22/11/2020,1408868,28337,49823,562,23301.776,468.676,824.041,9.295,0.91,3801,62.866,20388576,188747,337.214,3.122,215741,6.6,60461828,205.859
Italy,23/11/2020,1431795,22927,50453,630,23680.974,379.198,834.46,10.42,0.87,3810,63.015,20537521,148945,339.677,2.463,215210,6.7,60461828,205.859
Italy,24/11/2020,1455022,23227,51306,853,24065.134,384.16,848.568,14.108,0.86,3816,63.114,20726180,188659,342.798,3.12,212382,6.9,60461828,205.859
Italy,25/11/2020,1480874,25852,52028,722,24492.71,427.576,860.51,11.941,0.86,3848,63.643,20956187,230007,346.602,3.804,211692,7.1,60461828,205.859
Italy,26/11/2020,1509875,29001,52850,822,24972.368,479.658,874.105,13.595,0.87,3846,63.61,21188898,232711,350.451,3.849,209196,7.3,60461828,205.859
Italy,27/11/2020,1538217,28342,53677,827,25441.126,468.759,887.783,13.678,0.86,3782,62.552,21411701,222803,354.136,3.685,207014,7.5,60461828,205.859
Italy,28/11/2020,1564532,26315,54363,686,25876.36,435.233,899.129,11.346,0.84,3762,62.221,21637641,225940,357.873,3.737,205402,7.8,60461828,205.859
Italy,29/11/2020,1585178,20646,54904,541,26217.831,341.472,908.077,8.948,0.81,3753,62.072,21814575,176934,360.799,2.926,203714,8.1,60461828,205.859
Italy,30/11/2020,1601554,16376,55576,672,26488.68,270.849,919.192,11.114,0.79,3744,61.923,21945099,130524,362.958,2.159,201083,8.3,60461828,205.859
Italy,01/12/2020,1620901,19347,56361,785,26808.667,319.987,932.175,12.983,0.8,3663,60.584,22127199,182100,365.97,3.012,200146,8.4,60461828,205.859
Italy,02/12/2020,1641610,20709,57045,684,27151.18,342.514,943.488,11.313,0.82,3616,59.806,22334342,207143,369.396,3.426,196879,8.6,60461828,205.859
Italy,03/12/2020,1664829,23219,58038,993,27535.208,384.027,959.911,16.424,0.83,3597,59.492,22554389,220047,373.035,3.639,195070,8.8,60461828,205.859
Italy,04/12/2020,1688939,24110,58852,814,27933.972,398.764,973.374,13.463,0.84,3567,58.996,22767130,212741,376.554,3.519,193633,9,60461828,205.859
Italy,05/12/2020,1709991,21052,59514,662,28282.158,348.187,984.324,10.949,0.82,3517,58.169,22962114,194984,379.779,3.225,189210,9.1,60461828,205.859
Italy,06/12/2020,1728878,18887,60078,564,28594.537,312.379,993.652,9.328,0.8,3454,57.127,23125664,163550,382.484,2.705,187298,9.1,60461828,205.859
Italy,07/12/2020,1742557,13679,60606,528,28820.779,226.242,1002.385,8.733,0.78,3382,55.936,23236881,111217,384.323,1.839,184540,9.2,60461828,205.859
Italy,08/12/2020,1757394,14837,61240,634,29066.174,245.394,1012.87,10.486,0.78,3345,55.324,23386113,149232,386.791,2.468,179845,9.2,60461828,205.859
Italy,09/12/2020,1770149,12755,61739,499,29277.133,210.96,1021.124,8.253,0.79,3320,54.911,23504588,118475,388.751,1.96,167178,9.1,60461828,205.859
Italy,10/12/2020,1787147,16998,62626,887,29558.269,281.136,1035.794,14.67,0.83,3291,54.431,23676174,171586,391.589,2.838,160255,9.2,60461828,205.859
Italy,11/12/2020,1805873,18726,63387,761,29867.985,309.716,1048.38,12.586,0.86,3265,54.001,23866590,190416,394.738,3.149,157066,9.4,60461828,205.859
Italy,12/12/2020,1825775,19902,64036,649,30197.152,329.166,1059.115,10.734,0.87,3199,52.909,24063029,196439,397.987,3.249,157274,9.5,60461828,205.859
Italy,13/12/2020,1843712,17937,64520,484,30493.818,296.667,1067.12,8.005,0.87,3158,52.231,24215726,152697,400.513,2.526,155723,9.5,60461828,205.859
Italy,14/12/2020,1855737,12025,65011,491,30692.704,198.886,1075.24,8.121,0.85,3095,51.189,24319310,103584,402.226,1.713,154633,9.6,60461828,205.859
Italy,15/12/2020,1870576,14839,65857,846,30938.132,245.428,1089.233,13.992,0.87,3003,49.668,24483741,164431,404.945,2.72,156804,9.7,60461828,205.859
Italy,16/12/2020,1888144,17568,66537,680,31228.695,290.563,1100.479,11.247,0.89,2926,48.394,24683230,199489,408.245,3.299,168377,10,60461828,205.859
Italy,17/12/2020,1906377,18233,67220,683,31530.257,301.562,1111.776,11.296,0.9,2855,47.22,24635720,-47510,407.459,-0.786,137078,8,60461828,205.859
Italy,18/12/2020,1921778,15401,67894,674,31784.98,254.723,1122.923,11.148,0.89,2819,46.624,24815520,179800,410.433,2.974,135561,8.2,60461828,205.859
Italy,19/12/2020,1938083,16305,68447,553,32054.654,269.674,1132.07,9.146,0.89,2784,46.046,24991705,176185,413.347,2.914,132668,8.3,60461828,205.859
Italy,20/12/2020,1953185,15102,68799,352,32304.432,249.777,1137.891,5.822,0.88,2743,45.367,25129125,137420,415.62,2.273,130486,8.3,60461828,205.859
Italy,21/12/2020,1964054,10869,69214,415,32484.198,179.766,1144.755,6.864,0.87,2731,45.169,25217014,87889,417.073,1.454,128243,8.3,60461828,205.859
Italy,22/12/2020,1977370,13316,69842,628,32704.436,220.238,1155.142,10.387,0.88,2687,44.441,25374719,157705,419.682,2.608,127283,8.3,60461828,205.859
Italy,23/12/2020,1991278,13908,70395,553,32934.466,230.029,1164.288,9.146,0.91,2624,43.399,25558583,183864,422.723,3.041,125050,8.5,60461828,205.859
Italy,24/12/2020,2009317,18039,70900,505,33232.819,298.354,1172.641,8.352,0.93,2589,42.82,25752360,193777,425.928,3.205,159520,10.8,60461828,205.859
Italy,25/12/2020,2028354,19037,71359,459,33547.679,314.86,1180.232,7.592,0.93,2584,42.738,25904694,152334,428.447,2.52,155596,10.2,60461828,205.859
Italy,26/12/2020,2038759,10405,71620,261,33719.771,172.092,1184.549,4.317,0.89,2580,42.672,25986258,81564,429.796,1.349,142079,9.9,60461828,205.859
Italy,27/12/2020,2047696,8937,71925,305,33867.583,147.812,1189.594,5.045,0.88,2580,42.672,26046137,59879,430.786,0.99,131002,9.7,60461828,205.859
Italy,28/12/2020,2056277,8581,72370,445,34009.508,141.924,1196.954,7.36,0.9,2565,42.423,26114818,68681,431.922,1.136,128258,9.7,60461828,205.859
Italy,29/12/2020,2067487,11210,73029,659,34194.914,185.406,1207.853,10.899,0.97,2549,42.159,26243558,128740,434.052,2.129,124120,9.6,60461828,205.859
Italy,30/12/2020,2083689,16202,73604,575,34462.885,267.971,1217.363,9.51,1.05,2528,41.812,26412603,169045,436.848,2.796,122003,9.2,60461828,205.859
Italy,31/12/2020,2107166,23477,74159,555,34851.179,388.295,1226.542,9.179,1.11,2555,42.258,26598607,186004,439.924,3.076,120892,8.6,60461828,205.859
Italy,01/01/2021,2129376,22210,74621,462,35218.518,367.339,1234.184,7.641,1.1,2553,42.225,26756131,157524,442.529,2.605,121634,8.4,60461828,205.859
Italy,02/01/2021,2141201,11825,74985,364,35414.096,195.578,1240.204,6.02,1.05,2569,42.49,26823305,67174,443.64,1.111,119578,8.2,60461828,205.859
Italy,03/01/2021,2155446,14245,75332,347,35649.7,235.603,1245.943,5.739,1.03,2583,42.721,26926279,102974,445.343,1.703,125735,8.2,60461828,205.859
Italy,04/01/2021,2166244,10798,75680,348,35828.292,178.592,1251.699,5.756,1.03,2579,42.655,27004272,77993,446.633,1.29,127065,8.1,60461828,205.859
Italy,05/01/2021,2181619,15375,76329,649,36082.584,254.293,1262.433,10.734,1.07,2569,42.49,27139378,135106,448.868,2.235,127974,7.8,60461828,205.859
Italy,06/01/2021,2201945,20326,76877,548,36418.763,336.179,1271.496,9.064,1.11,2571,42.523,27317974,178596,451.822,2.954,129339,7.7,60461828,205.859
Italy,07/01/2021,2220361,18416,77291,414,36723.352,304.589,1278.344,6.847,1.11,2587,42.787,27439249,121275,453.828,2.006,120092,7.4,60461828,205.859
Italy,08/01/2021,2237890,17529,77911,620,37013.271,289.918,1288.598,10.254,1.11,2587,42.787,27579516,140267,456.148,2.32,117626,7.6,60461828,205.859
Italy,09/01/2021,2257866,19976,78394,483,37343.661,330.39,1296.587,7.989,,2593,42.887,27751635,172119,458.994,2.847,132619,8,60461828,205.859
Italy,10/01/2021,2276491,18625,78755,361,37651.706,308.046,1302.557,5.971,,2615,43.25,27891393,139758,461.306,2.312,137873,8,60461828,205.859
Italy,11/01/2021,2289021,12530,79203,448,37858.945,207.238,1309.967,7.41,,,,27983049,91656,462.822,1.516,139825,8,60461828,205.859
Italy,12/01/2021,2303263,14242,79819,616,38094.498,235.554,1320.155,10.188,,,,28124690,141641,465.164,2.343,140759,8.1,60461828,205.859
Italy,13/01/2021,2319036,15773,80326,507,38355.374,260.875,1328.541,8.385,,,,28300119,175429,468.066,2.901,140306,8.4,60461828,205.859
Italy,14/01/2021,2336279,17243,80848,522,38640.562,285.188,1337.174,8.634,,,,28460704,160585,470.722,2.656,145922,8.8,60461828,205.859
Italy,15/01/2021,2352423,16144,81325,477,38907.573,267.011,1345.064,7.889,,,,28734210,273506,475.245,4.524,164956,10.1,60461828,205.859
Italy,16/01/2021,2368733,16310,81800,475,39177.33,269.757,1352.92,7.856,,,,28995614,261404,479.569,4.323,177711,11.2,60461828,205.859
Italy,17/01/2021,2381277,12544,82177,377,39384.8,207.47,1359.155,6.235,,,,29206692,211078,483.06,3.491,187900,12.6,60461828,205.859
Italy,18/01/2021,2390102,8825,82554,377,39530.76,145.96,1365.39,6.235,,,,29365366,158674,485.684,2.624,197474,13.7,60461828,205.859
Italy,19/01/2021,2400598,10496,83157,603,39704.357,173.597,1375.364,9.973,,,,29619436,254070,489.887,4.202,213535,15.4,60461828,205.859
Italy,20/01/2021,2414166,13568,83681,524,39928.763,224.406,1384.03,8.667,,,,,,,,,,60461828,205.859
